SequenceNumber	PersonId	FullName	Affiliation	Country
1	nika-adamian	Nika Adamian	School of Psychology, Liverpool John Moores University, Liverpool, UK	United Kingdom
2	uma-ajmeria	Uma Ajmeria	School of Psychology, University of Nottingham, Nottingham, UK	United Kingdom
3	karen-akin	Karen Akin	The University of Alabama, USA	United States
4	jose-c-garcia-alanis	José C. García Alanis	University of Mainz, Germany	Germany
5	christine-albrecht	Christine Albrecht	Institute of Experimental Psychology, Heinrich Heine University, Düsseldorf, Germany	Germany
6	evgeniia-alenina	Evgeniia Alenina	Laboratory for Social and Cognitive Informatics, National Research University Higher School of Economics, Saint Petersburg, Russia	Russia
7	nazanin-s-andalibi	Nazanin S. Andalibi	The MARCS Institute for Brain, Behaviour, and Development, Western Sydney University, Australia	Australia
8	douglas-j-angus	Douglas J. Angus	School of Psychology, Bond University, Gold Coast, Australia	Australia
9	patricia-arriaga	Patrícia Arriaga	Iscte-University Institute of Lisbon, CIS-Iscte, Lisbon, Portugal	Portugal
10	dariusz-asanowicz	Dariusz Asanowicz	Institute of Psychology, Jagiellonian University, Kraków, Poland	Poland
11	shabnamalsadat-ayatollahi	Shabnamalsadat Ayatollahi	Institute of Psychology, University of Hildesheim, Hildesheim, Germany	Germany
12	pamela-baess	Pamela Baess	Institute of Psychology, University of Hildesheim, Hildesheim, Germany	Germany
13	nelson-j-trujillo-barreto	Nelson J. Trujillo Barreto	School of Psychology, Manchester Metropolitan University, UK	United Kingdom
14	pawe-bason	Paweł Basoń	Centre for Cognitive Science, Jagiellonian University, Kraków, Poland	Poland
15	claudia-c-von-bastian	Claudia C. von Bastian	University of Sheffield, Sheffield, UK	United Kingdom
16	simone-battaglia	Simone Battaglia	Center for Studies and Research in Cognitive Neuroscience, Department of Psychology, University of Bologna, Cesena, Italy	Italy
17	sarah-bayless	Sarah Bayless	University of Winchester, UK	United Kingdom
18	melissa-beck	Melissa Beck	Louisiana State University, Baton Rouge, LA, USA	United States
19	larissa-behnke	Larissa Behnke	Neuropsychology and Cognitive Neuroscience, Department of Psychology, University of Zurich, Zurich, Switzerland	Switzerland
20	christian-bellebaum	Christian Bellebaum	Institute of Experimental Psychology, Heinrich Heine University, Düsseldorf, Germany	Germany
21	robert-c-a-bendall	Robert C. A. Bendall	Directorate of Psychology and Sport, School of Health and Society, University of Salford, Salford, UK	United Kingdom
22	christopher-s-y-benwell	Christopher S. Y. Benwell	Psychology, University of Dundee, Dundee, UK	United Kingdom
23	daniel-berkowitz	Daniel Berkowitz	University of Nevada, Las Vegas, Las Vegas, NV, USA	United States
24	valerie-bertaina-anglade	Valerie Bertaina-Anglade	Biotrial, Core Lab, Rennes, France	France
25	anna-lena-biel	Anna Lena Biel	Institute of Psychology, University of Münster, Germany	Germany
26	samuel-a-birkholz	Samuel A. Birkholz	Department of Psychology, North Dakota State University, Fargo, ND, USA	United States
27	amy-r-bland	Amy R. Bland	School of Psychology, Manchester Metropolitan University, UK	United Kingdom
28	maarten-a-s-boksem	Maarten A.S. Boksem	Rotterdam School of Management, Erasmus University, Rotterdam, The Netherlands	Netherlands
29	eleonora-borelli	Eleonora Borelli	Department of Medical and Surgical Sciences, University of Modena and Reggio Emilia, Modena, Italy	Italy
30	jasper-jf-van-den-bosch	Jasper JF van den Bosch	University of Leeds, Leeds, UK	United Kingdom
31	andre-botes	André Botes	University of Auckland, Auckland, New Zealand	New Zealand
32	megan-boudewyn	Megan Boudewyn	Santa Cruz, USA, University of California, Santa Cruz	United States
33	howard-bowman	Howard Bowman	University of Birmingham, UK	United Kingdom
34	carley-braddock	Carley Braddock	University of Auckland, Auckland, New Zealand	New Zealand
35	daniel-e-bradford	Daniel E. Bradford	School of Psychological Science, Oregon State University, USA	United States
36	debora-brignani	Debora Brignani	Department of Clinical and Experimental Sciences, University of Brescia, Brescia, Italy	Italy
37	chris-r-h-brown	Chris R. H. Brown	School of Psychology, Bournemouth University, UK	United Kingdom
38	florian-bublatzky	Florian Bublatzky	Central Institute of Mental Health Mannheim, Medical Faculty Mannheim/Heidelberg University, Mannheim, Germany	Germany
39	ned-buckley	Ned Buckley	Department of Psychological Sciences, University of Liverpool, UK	United Kingdom
40	piotr-buczkowicz	Piotr Buczkowicz	Institute of Psychology, Faculty of Education and Psychology, University of the National Education Commission, Kraków, Poland	Poland
41	niko-a-busch	Niko A. Busch	Institute for Psychology, University of Münster, Germany	Germany
42	ciprian-i-bacila	Ciprian I. Băcilă	Collective of Scientific Research in Neurosciences of the Clinical Psychiatry Hospital “Dr. Gheorghe Preda”, Sibiu, Romania	Romania
43	liyu-cao	Liyu Cao	Department of Psychology and Behavioural Sciences, Zhejiang University, Hangzhou, China	China
44	mariagrazia-capizzi	Mariagrazia Capizzi	Mind, Brain and Behavior Research Center (CIMCYC), Department of Experimental Psychology, University of Granada, Granada, Spain	Spain
45	kaylie-a-carbine	Kaylie A. Carbine	California State University Dominguez Hills, Carson, California, USA	United States
46	h-p-carsten	H. P. Carsten	Department for Clinical Psychology and Neuroscience, University of Hamburg, Hamburg, Germany	Germany
47	m-concepcion-castellanos	M. Concepción Castellanos	Mind, Brain and Behavior Research Center (CIMCYC), Department of Experimental Psychology, University of Granada, Granada, Spain	Spain
48	jee-kei-chan	Jee Kei Chan	Jeffrey Cheah School of Medicine and Health Sciences, Monash University Malaysia	Malaysia
49	leonardo-chelazzi	Leonardo Chelazzi	Department of Neurosciences, Biomedicine and Movement, University of Verona, Verona, Italy	Italy
50	haomin-chen	Haomin Chen	Department of Psychology, University of South Florida, Tampa, Florida, USA	United States
51	kathleen-chen	Kathleen Chen	Weinberg College of Arts and Sciences, Northwestern University, Evanston, IL, USA	United States
52	yong-min-choi	Yong Min Choi	The Ohio State University, Columbus, Ohio, USA	United States
53	yong-hoon-chung	Yong Hoon Chung	Dartmouth College, Hanover, New Hampshire, USA	United States
54	peter-e-clayson	Peter E. Clayson	University of South Florida, Tampa, Florida, USA	United States
55	martin-constant	Martin Constant	Department of Psychology, University of Bremen, Bremen, Germany	Germany
56	paul-m-corballis	Paul M. Corballis	University of Auckland, Auckland, New Zealand	New Zealand
57	ricardo-correia	Ricardo Correia	Iscte-University Institute of Lisbon, Lisbon, Portugal	Portugal
58	thiago-l-costa	Thiago L. Costa	Department of Neurosciences, Biomedicine and Movement, University of Verona, Verona, Italy	Italy
59	damian-cruse	Damian Cruse	University of Birmingham, UK	United Kingdom
60	mireia-torralba-cuello	Mireia Torralba Cuello	Multisensory Research Group, Center for Brain and Cognition, Pompeu Fabra University, Barcelona, Spain	Spain
61	artur-czeszumski	Artur Czeszumski	Faculty of Philosophy, University of Warsaw, Warsaw, Poland	Poland
62	angelica-defalco	Angelica DeFalco	Department of Psychology, Colorado State University, USA	United States
63	torge-dellert	Torge Dellert	Institute of Medical Psychology and Systems Neuroscience, University of Münster, Münster, Germany	Germany
64	gregory-j-depow	Gregory J. Depow	Lakehead University, Department of Psychology, Canada	Canada
65	andrea-desantis	Andrea Desantis	DTIS, ONERA, FR-13661 Salon Cedex Air, France	France
66	helene-devillez	Hélène Devillez	University of Iceland, Reykjavik, Iceland	Iceland
67	gary-dicks	Gary Dicks	School of Psychology, Manchester Metropolitan University, UK	United Kingdom
68	olaf-dimigen	Olaf Dimigen	Department of Experimental Psychology, University of Groningen, The Netherlands	Netherlands
69	brandi-lee-drisdelle	Brandi Lee Drisdelle	School of Psychological Science, University of Bristol, UK	United Kingdom
70	tobin-dyskra	Tobin Dyskra	University of Michigan-Dearborn	United States
71	joshua-o-eayrs	Joshua O. Eayrs	Department of Psychology, Liverpool John Moores University, Liverpool, UK	United Kingdom
72	benedikt-v-ehinger	Benedikt V Ehinger	Stuttgart Center for Simulation Science, University of Stuttgart, Stuttgart, Germany	Germany
73	nassim-elimari	Nassim Elimari	Université de Reims Champagne-Ardenne, C2S, Reims, Grand Est, France	France
74	tanja-endrass	Tanja Endrass	Dresden Germany	Germany
75	soren-enge	Sören Enge	MSB Medical School Berlin	Germany
76	alejandro-j-estudillo	Alejandro J. Estudillo	School of Psychology, Bournemouth University, UK	United Kingdom
77	luca-falciati	Luca Falciati	Department of Clinical and Experimental Sciences, University of Brescia, Brescia, Italy	Italy
78	fernando-ferreira-santos	Fernando Ferreira-Santos	Laboratory of Neuropsychophysiology, University of Porto, Portugal	Portugal
79	anna-finley	Anna Finley	Fargo, ND, United States	United States
80	anna-fischer	Anna Fischer	Department for Cognition, Emotion and Behavior, University of Goettingen, Germany	Germany
81	k-folta-schoofs	K. Folta-Schoofs	Department of Neurodidactics & NeuroLab, University of Hildesheim, Hildesheim, Germany	Germany
82	elisabeth-fonteneau	Elisabeth Fonteneau	Department of Psychology, University of Montpellier Paul Valéry, France	France
83	dan-foti	Dan Foti	Purdue University, USA	United States
84	sofia-frade	Sofia Frade	Iscte-University Institute of Lisbon, CIS-Iscte, Lisbon, Portugal	Portugal
85	wendel-m-friedl	Wendel M. Friedl	Department of Psychology, University of Florida, USA	United States
86	christian-frings	Christian Frings	Department of Cognitive Psychology, Trier University, Trier, Germany	Germany
87	christoph-fruhlinger	Christoph Frühlinger	University Hamburg, Hamburg, Germany	Germany
88	agnieszka-fudali-czyz	Agnieszka Fudali-Czyż	Institute of Psychology, Faculty of Education and Psychology, University of the National Education Commission, Kraków, Poland	Poland
89	philip-gable	Philip Gable	Department of Psychological and Brain Sciences, University of Delaware, Newark, DE, USA	United States
90	mathias-gamer	Mathias Gamer	Department for Experimental Clinical Psychology, University of Würzburg, Würzburg, Germany	Germany
91	giorgio-ganis	Giorgio Ganis	University of Plymouth, School of Psychology, Plymouth, UK	United Kingdom
92	katie-garrison	Katie Garrison	The University of Alabama, USA	United States
93	rachel-gaynor	Rachel Gaynor	Department of Psychology, University of South Florida, Tampa, Florida, USA	United States
94	martin-geiger	Martin Geiger	Institute for Visualization and Interactive Systems, University of Stuttgart, Stuttgart, Germany	Germany
95	helge-gillmeister	Helge Gillmeister	Department of Psychology, University of Essex, Colchester, UK	United Kingdom
96	kilian-gloy	Kilian Gloy	Department of Psychology, University of Bremen, Bremen, Germany	Germany
97	ahu-gokce	Ahu Gokce	Department of Psychology, Kadir Has University, Istanbul, Türkiye	Türkiye
98	julie-d-golomb	Julie D. Golomb	The Ohio State University, Columbus, Ohio, USA	United States
99	carmen-brigitte-aguilar-gonzales	Carmen Brigitte Aguilar Gonzales	Oro Verde, Argentina	Argentina
100	donovan-g-govan	Donovan G. Govan	The MARCS Institute for Brain, Behaviour, and Development, Western Sydney University, Australia	Australia
101	anna-grabowska	Anna Grabowska	Centre for Cognitive Science, Jagiellonian University, Kraków, Poland	Poland
102	andreea-m-grama	Andreea M. Grama	Collective of Scientific Research in Neurosciences of the Clinical Psychiatry Hospital “Dr. Gheorghe Preda”, Sibiu, Romania	Romania
103	marine-granjon	Marine Granjon	Department of Psychology, University of Montpellier Paul Valéry, France	France
104	francesco-grassi	Francesco Grassi	Department for Cognition, Emotion and Behavior, University of Goettingen, Germany	Germany
105	lisa-marie-greenwood	Lisa-Marie Greenwood	Australian National University, Australia	Australia
106	samantha-gregory	Samantha Gregory	Directorate of Psychology and Sport, School of Health and Society, University of Salford, Salford, UK	United Kingdom
107	tijl-grootswagers	Tijl Grootswagers	The MARCS Institute for Brain, Behaviour, and Development, Western Sydney University, Australia	Australia
108	arzhelenn-guillo	Arzhelenn Guillo	Biotrial, Core Lab, Rennes, France	France
109	jennifer-gutsell	Jennifer Gutsell	Department of Psychology, Brandeis University, USA	United States
110	greg-hajcak	Greg Hajcak	School of Education and Counseling Psychology, Santa Clara University, USA	United States
111	bailey-hall	Bailey Hall	Department of Psychology, University of South Florida, Tampa, Florida, USA	United States
112	anthony-m-harris	Anthony M. Harris	Queensland Brain Institute, The University of Queensland, Queensland, Australia	Australia
113	xun-he	Xun He	School of Psychology, Bournemouth University, UK	United Kingdom
114	klara-hemmerich	Klara Hemmerich	Department of Psychology and Cognitive Science, University of Trento, Rovereto, Italy	Italy
115	alexandra-hering	Alexandra Hering	Tilburg, The Netherlands, Tilburg University	Netherlands
116	kirsten-hilger	Kirsten Hilger	University of Würzburg, Würzburg, Germany	Germany
117	yannik-hilla	Yannik Hilla	Neuropsychology and Cognitive Neuroscience, Department of Psychology, University of Zurich, Zurich, Switzerland	Switzerland
118	jose-a-hinojosa	José A. Hinojosa	Department of Experimental Psychology, Cognitive Processes and Speech Therapy, Complutense University of Madrid, Spain	Spain
119	manuel-hons	Manuel Hons	Department of Psychology, University of Graz, Austria	Austria
120	christoph-huber-huber	Christoph Huber-Huber	Center for Mind/Brain Sciences (CIMeC), University of Trento	Italy
121	kent-hubert	Kent Hubert	University of Arkansas, USA	United States
122	linta-hussain	Linta Hussain	University of Michigan-Dearborn	United States
123	sara-molinero-infante	Sara Molinero Infante	University of Málaga, Spain	Spain
124	michael-inzlicht	Michael Inzlicht	University of Toronto, Department of Psychology, Canada	Canada
125	elif-isbell	Elif Isbell	University of California, Merced, USA	United States
126	roxane-j-itier	Roxane J. Itier	Psychology Department, University of Waterloo, Waterloo, Ontario, Canada	Canada
127	bradley-n-jack	Bradley N Jack	Australian National University, Australia	Australia
128	michael-jenkins	Michael Jenkins	School of Psychology, Faculty of Science and Enginerring, University of Nottingham Malaysia, Malaysia	Malaysia
129	sam-jensen	Sam Jensen	Directorate of Psychology and Sport, School of Health and Society, University of Salford, Salford, UK	United Kingdom
130	rita-jeronimo	Rita Jerónimo	Iscte-University Institute of Lisbon, CIS-Iscte, Lisbon, Portugal	Portugal
131	shuangke-jiang	Shuangke Jiang	University of Sheffield, Sheffield, UK	United Kingdom
132	elizabeth-l-johnson	Elizabeth L. Johnson	Departments of Medical Social Sciences and Pediatrics, Northwestern University, Chicago, IL, USA	United States
133	emily-m-johnson	Emily M. Johnson	Department of Psychology, North Dakota State University, Fargo, ND, USA	United States
134	jeffrey-s-johnson	Jeffrey S. Johnson	Department of Psychology, North Dakota State University, Fargo, ND, USA	United States
135	myles-jones	Myles Jones	University of Sheffield, Sheffield, UK	United Kingdom
136	rhiannon-jones	Rhiannon Jones	University of Winchester, UK	United Kingdom
137	kerstin-jost	Kerstin Jost	Brandenburg Medical School Theodor Fontane, Neuruppin, Germany	Germany
138	laura-kaczer	Laura Kaczer	Buenos Aires, Argentina. Universidad de Buenos Aires	Argentina
139	jakob-kaiser	Jakob Kaiser	Nuremberg Institute for Market Decisions, Nuremberg, Germany	Germany
140	siri-maria-kamp	Siri-Maria Kamp	Trier, Germany	Germany
141	christian-kandler	Christian Kandler	Department of Psychology, Bielefeld University, Bielefeld, Germany	Germany
142	stephanie-kane	Stephanie Kane	University of Arkansas, USA	United States
143	elena-karakashevska	Elena Karakashevska	Department of Psychological Sciences, University of Liverpool, UK	United Kingdom
144	hamid-karimi-rouzbahani	Hamid Karimi-Rouzbahani	Queensland Brain Institute, University of Queensland, Australia	Australia
145	patrycja-ka-ama-a	Patrycja Kałamała	Centre for Cognitive Science, Jagiellonian University, Kraków, Poland	Poland
146	jing-ke	Jing Ke	Department of Psychology, Sun Yat-sen University, China	China
147	andreas-keil	Andreas Keil	Department of Psychology, University of Florida, USA	United States
148	christian-keitel	Christian Keitel	Psychology, University of Dundee, Dundee, UK	United Kingdom
149	dirk-kerzel	Dirk Kerzel	Faculté de Psychologie et des Sciences de l'Éducation, Université de Genève, Genève, Switzerland	Switzerland
150	botond-lalszlo-kiss	Botond Lálszló Kiss	Institute of Psychology, University of Pécs, Pécs, Hungary	Hungary
151	matthias-kliegel	Matthias Kliegel	Faculté de Psychologie et des Sciences de l'Éducation, Université de Genève, Genève, Switzerland	Switzerland
152	luisa-knopf	Luisa Knopf	Institute for Cognitive and Affective Neuroscience (ICAN), Trier University, Trier, Germany	Germany
153	silvia-erika-kober	Silvia Erika Kober	Department of Psychology, University of Graz, Austria	Austria
154	martina-kopcanova	Martina Kopčanová	Psychology, University of Dundee, Dundee, UK	United Kingdom
155	sebastian-p-korinth	Sebastian P. Korinth	DIPF, Leibniz Institute for Research and Information in Education Frankfurt am Main, Frankfurt am Main, Germany	Germany
156	ilona-kotlewska	Ilona Kotlewska	Institute of Psychology, Jagiellonian University, Kraków, Poland	Poland
157	leon-o-h-kroczek	Leon O. H. Kroczek	Department of Psychology, Clinical Psychology and Psychotherapy, University of Regensburg, Regensburg, Germany	Germany
158	wouter-kruijne	Wouter Kruijne	Department of Experimental Psychology, University of Groningen, The Netherlands	Netherlands
159	ukasz-krzywoszanski	Łukasz Krzywoszański	Institute of Psychology, Faculty of Education and Psychology, University of the National Education Commission, Kraków, Poland	Poland
160	ulrike-m-kramer	Ulrike M. Krämer	Lübeck, Germany	Germany
161	yixuan-ku	Yixuan Ku	Department of Psychology, Sun Yat-sen University	China
162	anja-kuhnel	Anja Kühnel	MSB Medical School Berlin	Germany
163	philippe-l-hostis	Philippe L'hostis	Biotrial, Core Lab, Rennes, France	France
164	thijs-van-laarhoven	Thijs van Laarhoven	Tilburg University	Netherlands
165	gianvito-laera	Gianvito Laera	Faculté de Psychologie et des Sciences de l'Éducation, Université de Genève, Genève, Switzerland	Switzerland
166	gilles-lafargue	Gilles Lafargue	Université de Reims Champagne-Ardenne, C2S, Reims, Grand Est, France	France
167	charlene-lam	Charlene Lam	Laboratory of Clinical Psychology & Affective Neuroscience, Department of Psychology, The University of Hong Kong, Hong Kong	Hong Kong
168	nicolas-langer	Nicolas Langer	Methods of Plasticity Research, Department of Psychology, University of Zurich, Zurich, Switzerland	Switzerland
169	michael-j-larson	Michael J. Larson	Brigham Young University, Provo, Utah, USA	United States
170	bryan-q-z-leong	Bryan Q. Z. Leong	School of Psychology, Bournemouth University, UK	United Kingdom
171	danqi-li	Danqi Li	University of Auckland, Auckland, New Zealand	New Zealand
172	ximeng-li	Ximeng Li	Department of Psychology, Sun Yat-sen University	China
173	heinrich-r-liesefeld	Heinrich R. Liesefeld	Department of Psychology, University of Bremen, Bremen, Germany	Germany
174	maxim-likhanov	Maxim Likhanov	State Key Laboratory of Cognitive Neuroscience and Learning, Beijing Normal University, Beijing, China	China
175	shirley-xue-li-lim	Shirley Xue Li Lim	Centre des Sciences du Goût et de l'Alimentation, CNRS, INRAE, Institut Agro, Université de Bourgogne Franche-Comté, F-21000 Dijon, France	France
176	zhong-xu-liu	Zhong-Xu Liu	Department of Behavioral Sciences, University of Michigan-Dearborn, Dearborn, MI, U.S.A.	United States
177	raquel-london	Raquel London	Ghent, Belgium, Ghent University	Belgium
178	emily-lord	Emily Lord	Department of Psychological and Brain Sciences, Texas A&M University, College Station, TX, USA	United States
179	corinna-lorenz	Corinna Lorenz	Wuppertal, Germany	Germany
180	eva-lout	Eva Lout	The Ohio State University, Columbus, Ohio, USA	United States
181	xueqi-low	Xueqi Low	Department of Psychology and Behavioural Sciences, Zhejiang University, Hangzhou, China	China
182	zitong-lu	Zitong Lu	The Ohio State University, Columbus, Ohio, USA	United States
183	boris-lucero	Boris Lucero	The Neuropsychology and Cognitive Neurosciences Research Center (CINPSI Neurocog), Faculty of Health Sciences, Catholic University of the Maule (UCMaule), Talca, Chile	Chile
184	anton-lukashevich	Anton Lukashevich	University of Iceland, Reykjavik, Iceland	Iceland
185	david-luque	David Luque	School of Psychology, Universidad de Málaga, Malaga, Spain	Spain
186	christoph-loffler	Christoph Löffler	University of Mainz, Germany	Germany
187	peter-loschner	Peter Löschner	Katholische Universität Eichtätt Ingolstadt, Philosophisch-pädagogische Fakultät, Eichstätt, Germany	Germany
188	maro-g-machizawa	Maro G. Machizawa	Digital Brain Science Laboratory, Xiberlinc Inc., Tokyo, Japan	Japan
189	annmarie-macnamara	Annmarie MacNamara	Department of Psychological and Brain Sciences, Texas A&M University, College Station, TX, USA	United States
190	christopher-r-madan	Christopher R. Madan	School of Psychology, University of Nottingham, Nottingham, UK	United Kingdom
191	alexis-d-j-makin	Alexis D. J. Makin	Department of Psychological Sciences, University of Liverpool, UK	United Kingdom
192	ananya-mandal	Ananya Mandal	Graduate School of Systemic Neurosciences, Ludwig-Maximilians-Universität München, München, Germany	Germany
193	greta-manini	Greta Manini	Mind, Brain and Behavior Research Center (CIMCYC), Department of Experimental Psychology, University of Granada, Granada, Spain	Spain
194	gabriela-m-marcu	Gabriela M. Marcu	Lucian Blaga University of Sibiu, Romania	Romania
195	courtney-marsh	Courtney Marsh	Department of Psychology, George Mason University, USA	United States
196	elisa-martin-arevalo	Elisa Martín-Arévalo	Mind, Brain and Behavior Research Center (CIMCYC), Department of Experimental Psychology, University of Granada, Granada, Spain	Spain
197	maria-carmen-martin-buro	María Carmen Martín-Buro	Faculty of Health Sciences, Rey Juan Carlos University, Madrid, Spain	Spain
198	aleya-a-marzuki	Aleya A. Marzuki	Department of Neuroimaging, Institute of Psychology, Psychiatry & Neuroscience, King’s College London, United Kingdom	United Kingdom
199	kyle-mathewson	Kyle Mathewson	Department of Psychology, Faculty of Science, University of Alberta, Edmonton, Canada	Canada
200	katherine-j-mccain	Katherine J. McCain	Department of Psychology, University of Florida, USA	United States
201	craig-mcdonald	Craig McDonald	Department of Psychology, George Mason University, USA	United States
202	johannes-meixner	Johannes Meixner	Brandenburg Medical School Theodor Fontane, Neuruppin, Germany	Germany
203	victoria-oldemburgo-de-mello	Victoria Oldemburgo de Mello	University of Toronto, Department of Psychology, Canada	Canada
204	paige-metcalfe	Paige Metcalfe	Directorate of Psychology and Sport, School of Health and Society, University of Salford, Salford, UK	United Kingdom
205	lars-michael	Lars Michael	MSB Medical School Berlin	Germany
206	jaros-aw-m-micha-owski	Jarosław M. Michałowski	Poznan Laboratory of Affective Neuroscience, Faculty of Psychology and Law, SWPS University, Poznań, Poland	Poland
207	maximilien-van-migem	Maximilien Van Migem	Department of Experimental Clinical & Health Psychology, Ghent University, Ghent, Belgium	Belgium
208	sudhakar-mishra	Sudhakar Mishra	Department of Cognitive Science, Indian Institute of Technology Kanpur, India	India
209	eda-mizrak	Eda Mizrak	University of Sheffield, Sheffield, UK	United Kingdom
210	melle-j-w-van-der-molen	Melle J. W. van der Molen	Institute of Psychology, Leiden University, Leiden, the Netherlands	Netherlands
211	nicola-molinaro	Nicola Molinaro	Basque Center on Cognition Brain and Language (BCBL), Donostia/San Sebastian, Spain	Spain
212	bianca-monachesi	Bianca Monachesi	Department of Neurosciences, Biomedicine and Movement, University of Verona, Verona, Italy	Italy
213	gustavo-a-leon-montoya	Gustavo A. León Montoya	Institute of Psychology, University of Hildesheim, Hildesheim, Germany	Germany
214	roisin-moodley	Roisin Moodley	Directorate of Psychology and Sport, School of Health and Society, University of Salford, Salford, UK	United Kingdom
215	david-moreau	David Moreau	The University of Auckland, New Zealand	New Zealand
216	piermatteo-morucci	Piermatteo Morucci	Department of Fundamental Neuroscience, University of Geneva, Switzerland	Switzerland
217	ramya-mudumba	Ramya Mudumba	Department of Cognitive Science, Indian Institute of Technology Kanpur, India	India
218	annakarina-mundorf	Annakarina Mundorf	Institute of Systems Medicine & Department of Human Medicine, MSH Medical School Hamburg, Hamburg, Germany	Germany
219	faisal-mushtaq	Faisal Mushtaq	University of Leeds, Leeds, UK	United Kingdom
220	nicholas-myers	Nicholas Myers	School of Psychology, University of Nottingham, Nottingham, UK	United Kingdom
221	andreas-muhlberger	Andreas Mühlberger	Department of Psychology, Clinical Psychology and Psychotherapy, University of Regensburg, Germany	Germany
222	francesca-nannetti	Francesca Nannetti	School of Psychology, University of Nottingham, Nottingham, UK	United Kingdom
223	sanjeev-nara	Sanjeev Nara	Justus-Liebig Universität Gießen, Germany	Germany
224	william-x-q-ngiam	William X. Q. Ngiam	Department of Psychology, University of Chicago, Illinois, USA	United States
225	guiomar-niso	Guiomar Niso	Madrid, Spain	Spain
226	sophie-nolden	Sophie Nolden	Department of Psychology, Goethe University Frankfurt, Frankfurt, Germany	Germany
227	alicja-nowacka	Alicja Nowacka	University of Auckland, Auckland, New Zealand	New Zealand
228	julie-onton	Julie Onton	University of California, San Diego, USA	United States
229	joseph-orr	Joseph Orr	College Station, TX, USA	United States
230	kevin-m-ortego	Kevin M. Ortego	Dartmouth College, Hanover, New Hampshire, USA	United States
231	bart-omiej-panek	Bartłomiej Panek	Institute of Psychology, Jagiellonian University, Kraków, Poland	Poland
232	bernhard-pastotter	Bernhard Pastötter	Department of Cognitive Psychology, Trier University, Trier, Germany	Germany
233	katharina-paul	Katharina Paul	Faculty of Psychology and Human Movement Science, University of Hamburg, Hamburg, Germany	Germany
234	yuri-g-pavlov	Yuri G. Pavlov	Department of Psychology, University of Alabama at Birmingham, USA	United States
235	cyril-r-pernet	Cyril R Pernet	Neurobiology Research Unit, Rigshospitalet, Denmark	Denmark
236	francesca-pesciarelli	Francesca Pesciarelli	Department of Biomedical, Metabolic, and Neural Sciences, University of Modena and Reggio Emilia, Modena, Italy	Italy
237	jutta-peterburs	Jutta Peterburs	Institute of Systems Medicine & Department of Human Medicine, MSH Medical School Hamburg, Hamburg, Germany	Germany
238	charline-peylo	Charline Peylo	Neuropsychology and Cognitive Neuroscience, Department of Psychology, University of Zurich, Zurich, Switzerland	Switzerland
239	daniela-m-pfabigan	Daniela M. Pfabigan	Department of Biological and Medical Psychology, University of Bergen, Bergen, Norway	Norway
240	eleanor-phillips	Eleanor Phillips	University of Winchester, UK	United Kingdom
241	paveen-phon-amnuaisuk	Paveen Phon-Amnuaisuk	Department of Psychology, Monash University, Malaysia	Malaysia
242	claudia-poch	Claudia Poch	Nebrija Research Center in Cognition (CINC), Nebrija University, Spain	Spain
243	geoffrey-potts	Geoffrey Potts	Department of Psychology, University of South Florida, Tampa, Florida, USA	United States
244	gilles-pourtois	Gilles Pourtois	Department of Experimental Clinical & Health Psychology, Ghent University, Ghent, Belgium	Belgium
245	gergo-pal	Gergő Pál	Institute of Psychology, University of Pécs, Pécs, Hungary	Hungary
246	jose-perez-navarro	Jose Pérez-Navarro	Basque Center on Cognition Brain and Language (BCBL), Donostia/San Sebastian, Spain	Spain
247	marlo-quenault	Marlo Quenault	University of Auckland, Auckland, New Zealand	New Zealand
248	ana-maria-radu	Ana Maria Radu	Collective of Scientific Research in Neurosciences of the Clinical Psychiatry Hospital “Dr. Gheorghe Preda”, Sibiu, Romania	Romania
249	hanane-ramzaoui	Hanane Ramzaoui	Louisiana State University, Baton Rouge, LA, USA	United States
250	manuel-rausch	Manuel Rausch	Katholische Universität Eichtätt Ingolstadt, Philosophisch-pädagogische Fakultät, Eichstätt, Germany	Germany
251	philipp-reicherts	Philipp Reicherts	Department of Medical Psychology and Sociology, Faculty of Medicine, University of Augsburg, Germany	Germany
252	jan-richter	Jan Richter	Department of Experimental Psychopathology, University of Hildesheim, Hildesheim, Germany	Germany
253	theresa-rieger	Theresa Rieger	Institute of Medical Psychology and Systems Neuroscience, University of Münster, Münster, Germany	Germany
254	anna-riesel	Anna Riesel	Department for Clinical Psychology and Neuroscience, University of Hamburg, Hamburg, Germany	Germany
255	tony-ro	Tony Ro	Programs in Psychology, Biology, Cognitive Neuroscience, CUNY Graduate Center, New York, USA	United States
256	harold-a-rocha	Harold A. Rocha	University of South Florida, Tampa, Florida, USA	United States
257	pablo-rodriguez-gomez	Pablo Rodriguez-Gomez	Cardenal Cisneros, Centro de Enseñanza Superior adscrito a la Universidad Complutense de Madrid, Madrid, Spain	Spain
258	luca-ronconi	Luca Ronconi	Department of Psychology and Cognitive Science, University of Trento, Rovereto, Italy	Italy
259	rebecca-roy	Rebecca Roy	Department of Psychology, George Mason University, USA	United States
260	sam-royle	Sam Royle	Directorate of Psychology and Sport, School of Health and Society, University of Salford, Salford, UK	United Kingdom
261	manuela-ruzzoli	Manuela Ruzzoli	Basque Center on Cognition Brain and Language (BCBL), Donostia/San Sebastián, Spain	Spain
262	alessia-santoni	Alessia Santoni	Vita-Salute San Raffaele University, Milan, Italy	Italy
263	daniele-scanzi	Daniele Scanzi	University of Auckland, Auckland, New Zealand	New Zealand
264	anne-schacht	Anne Schacht	Department for Cognition, Emotion and Behavior, University of Goettingen, Germany	Germany
265	natalie-schaworonkow	Natalie Schaworonkow	Ernst Strüngmann Institute for Neuroscience in Cooperation with Max Planck Society, Frankfurt am Main, Germany	Germany
266	antonio-schettino	Antonio Schettino	Engagement and Research Services, Erasmus University Rotterdam, Rotterdam, the Netherlands	Netherlands
267	elizabeth-schmidt	Elizabeth Schmidt	Department of Behavioral Sciences, University of Michigan-Dearborn, Dearborn, MI, U.S.A.	United States
268	tigan-schofield	Tigan Schofield	University of Plymouth, School of Psychology, Plymouth, UK	United Kingdom
269	anna-lena-schubert	Anna-Lena Schubert	University of Mainz, Germany	Germany
270	ellen-seiss	Ellen Seiss	School of Psychology, Bournemouth University, UK	United Kingdom
271	magdalena-senderecka	Magdalena Senderecka	Institute of Philosophy, Jagiellonian University, Kraków, Poland	Poland
272	claire-sergent	Claire Sergent	Université Paris Cité	France
273	mario-carlo-severo	Mario Carlo Severo	Institute of Psychology, Leiden University, Leiden, the Netherlands	Netherlands
274	yee-lee-shing	Yee Lee Shing	Center for Individual Development and Adaptive Education of Children at Risk (IDeA), Frankfurt am Main, Germany	Germany
275	heida-maria-sigurdardottir	Heida Maria Sigurdardottir	University of Iceland, Reykjavik, Iceland	Iceland
276	catia-silva	Cátia Silva	Iscte-University Institute of Lisbon, Lisbon, Portugal	Portugal
277	rene-s-skukies	René S. Skukies	Stuttgart Center for Simulation Science, University of Stuttgart, Stuttgart, Germany	Germany
278	eleonore-smalle	Eleonore Smalle	Tilburg University	Netherlands
279	helen-hargreaves-smith	Helen Hargreaves Smith	Department of Psychology, George Mason University, USA	United States
280	paul-j-c-smith	Paul J. C. Smith	Institute of Psychology, University of Muenster, Muenster, Germany	Germany
281	joel-s-snyder	Joel S. Snyder	University of Nevada, Las Vegas, Las Vegas, NV, USA	United States
282	bertille-somon	Bertille Somon	DTIS, ONERA, FR-13661 Salon Cedex Air, France	France
283	filip-sondej	Filip Sondej	Centre for Cognitive Science, Jagiellonian University, Kraków, Poland	Poland
284	salvador-soto-faraco	Salvador Soto-Faraco	Multisensory Research Group, Center for Brain and Cognition, Pompeu Fabra University, Barcelona, Spain	Spain
285	efe-soyman	Efe Soyman	Department of Psychology, Koç University, Istanbul, Türkiye	Türkiye
286	narayanan-srinivasan	Narayanan Srinivasan	Department of Cognitive Science, Indian Institute of Technology, Kanpur, India	India
287	f-starita	F. Starita	Center for Studies and Research in Cognitive Neuroscience, Department of Psychology, University of Bologna, Cesena, Italy	Italy
288	tabitha-steendam	Tabitha Steendam	Department of Experimental Psychology, Ghent University, Ghent, Belgium	Belgium
289	yannik-stegmann	Yannik Stegmann	Department for Experimental Clinical Psychology, University of Würzburg, Würzburg, Germany	Germany
290	ryan-stewart	Ryan Stewart	Department of Behavioral Sciences, University of Michigan-Dearborn, Dearborn, MI, U.S.A.	United States
291	dawid-strzelczyk	Dawid Strzelczyk	Methods of Plasticity Research, Department of Psychology, University of Zurich, Zurich, Switzerland	Switzerland
292	viola-s-stormer	Viola S. Störmer	Dartmouth College, Hanover, New Hampshire, USA	United States
293	alexander-sumich	Alexander Sumich	Nottingham Trent University, UK	United Kingdom
294	zhixing-sun	Zhixing Sun	Department of Psychology, Brandeis University, USA	United States
295	bence-szaszko	Bence Szaszkó	Department of Cognition, Emotion, and Methods in Psychology, Faculty of Psychology, University of Vienna, Vienna, Austria	Austria
296	christoph-szeska	Christoph Szeska	Department of Biological Psychology and Affective Science, Faculty of Human Sciences, University of Potsdam, Potsdam, Germany	Germany
297	christian-k-tamnes	Christian K. Tamnes	PROMENTA Research Center, Department of Psychology, University of Oslo, Oslo, Norway	Norway
298	tamar-torrance	Tamar Torrance	University of Auckland, Auckland, New Zealand	New Zealand
299	alexa-tullett	Alexa Tullett	The University of Alabama, USA	United States
300	gozem-turan	Gözem Turan	Center for Individual Development and Adaptive Education of Children at Risk (IDeA), Frankfurt am Main, Germany	Germany
301	kipras-varkala	Kipras Varkala	Department of Psychology, University of South Florida, Tampa, Florida, USA	United States
302	manuel-varlet	Manuel Varlet	The MARCS Institute for Brain, Behaviour, and Development, Western Sydney University, Australia	Australia
303	domenica-veniero	Domenica Veniero	School of Psychology, University of Nottingham, Nottingham, UK	United Kingdom
304	edelyn-verona	Edelyn Verona	Department of Psychology, University of South Florida, Tampa, Florida, USA	United States
305	edward-k-vogel	Edward K. Vogel	Department of Psychology, University of Chicago, Illinois, USA	United States
306	ingmar-e-j-de-vries	Ingmar E.J. de Vries	Centre for Mind/Brain Sciences, University of Trento, Italy	Italy
307	antonio-vazquez-millan	Antonio Vázquez-Millán	School of Psychology, Universidad de Málaga, Malaga, Spain	Spain
308	jan-wacker	Jan Wacker	University Hamburg, Hamburg, Germany	Germany
309	justin-wahlers	Justin Wahlers	The University of Alabama, USA	United States
310	nan-wang	Nan Wang	Department of Experimental Clinical & Health Psychology, Ghent University, Ghent, Belgium	Belgium
311	ziyi-wang	Ziyi Wang	School of Psychology, Bournemouth University, UK	United Kingdom
312	hugh-watmough	Hugh Watmough	Department of Social and Psychological Sciences, University of Huddersfield, UK	United Kingdom
313	dominik-welke	Dominik Welke	School of Psychology, University of Leeds, Leeds, UK	United Kingdom
314	nicole-wetzel	Nicole Wetzel	Leibniz Institute for Neurobiology, Magdeburg, Germany	Germany
315	m-weymar	M. Weymar	Department of Biological Psychology and Affective Science, Faculty of Human Sciences, University of Potsdam, Potsdam, Germany	Germany
316	adrian-whyte	Adrian Whyte	University of Winchester, UK	United Kingdom
317	andreas-widmann	Andreas Widmann	Wilhelm Wundt Institute for Psychology, Leipzig University, Leipzig, Germany	Germany
318	stefan-wiens	Stefan Wiens	Department of Psychology, Stockholm University, Sweden	Sweden
319	matthias-j-wieser	Matthias J. Wieser	Department of Psychology, Education, and Child Studies, Erasmus University Rotterdam, Rotterdam, the Netherlands	Netherlands
320	niclas-willscheid	Niclas Willscheid	Central Institute of Mental Health Mannheim, Medical Faculty Mannheim/Heidelberg University, Mannheim, Germany	Germany
321	miles-wischnewski	Miles Wischnewski	Department of Experimental Psychology, University of Groningen, The Netherlands	Netherlands
322	ewa-wiwatowska	Ewa Wiwatowska	Poznan Laboratory of Affective Neuroscience, Faculty of Psychology and Law, SWPS University, Poznań, Poland	Poland
323	alex-h-k-wong	Alex H. K. Wong	Department of Psychology, Education Sciences and Family Studies, Erasmus University Rotterdam, Rotterdam, The Netherlands	Netherlands
324	kean-yung-wong	Kean Yung Wong	Department of Psychology, University of Otago, New Zealand	New Zealand
325	raoul-wullhorst	Raoul Wüllhorst	Faculty of Psychology, Technische Universität Dresden, Dresden, Germany	Germany
326	motonori-yamaguchi	Motonori Yamaguchi	Department of Psychology, University of Essex, Colchester, UK	United Kingdom
327	yu-fang-yang	Yu Fang Yang	Department of Experimental Psychopathology, University of Hildesheim, Hildesheim, Germany	Germany
328	ala-yankouskaya	Ala Yankouskaya	School of Psychology, Bournemouth University, UK	United Kingdom
329	ece-y-lmaz	Ece Yılmaz	Department of Psychology, Kadir Has University, Istanbul, Türkiye	Türkiye
330	darya-l-zabelina	Darya L. Zabelina	University of Arkansas, USA	United States
331	ilya-zakharov	Ilya Zakharov	Psychological Institute of Russian Academy of Education, Moscow, Russia	Russia
332	agnese-zazio	Agnese Zazio	Neurophysiology Lab, IRCCS Istituto Centro San Giovanni di Dio Fatebenefratelli, Brescia, Italy	Italy
333	nolhan-zermane	Nolhan Zermane	Department of Psychology, University of Montpellier Paul Valéry, France	France
334	annika-ziereis	Annika Ziereis	Department for Cognition, Emotion and Behavior, University of Goettingen, Germany	Germany
335	andras-n-zsido	Andras N. Zsido	Institute of Psychology, University of Pécs, Pécs, Hungary	Hungary
336	demet-ozer	Demet Özer	Department of Psychology, Kadir Has University, Istanbul, Türkiye	Türkiye
